"Number of Axes","Stress"
2,0.16966584310191
3,0.0959178082014595
